job_code	act_type	obj_type	obj_detail
01010101	관리·운영	숫자·문서	
01010102	관리·운영	숫자·문서	
01010103	관리·운영	사람	고객·손님
01010201	관리·운영	숫자·문서	
01010202	관리·운영	사람	고객·손님
02010101	관리·운영	숫자·문서	
02010102	분석·연구	숫자·문서	
02010201	판매·설득	사람	고객·손님
02010202	표현·창작	창작물	
02010301	분석·연구	컴퓨터·데이터	
02010302	관리·운영	사람	고객·손님
02010303	분석·연구	숫자·문서	
02010304	관리·운영	숫자·문서	
02020101	관리·운영	숫자·문서	
02020102	관리·운영	숫자·문서	
02020103	관리·운영	숫자·문서	
02020104	관리·운영	숫자·문서	
02020201	관리·운영	사람	직원·동료
02020202	관리·운영	사람	직원·동료
02020301	관리·운영	사람	직원·동료
02020302	관리·운영	숫자·문서	
02030101	분석·연구	숫자·문서	
02030102	관리·운영	숫자·문서	
02030201	분석·연구	숫자·문서	
02030202	분석·연구	숫자·문서	
02040101	관리·운영	숫자·문서	
02040102	관리·운영	숫자·문서	
02040103	관리·운영	숫자·문서	
02040104	관리·운영	숫자·문서	
02040201	분석·연구	숫자·문서	
02040302	관리·운영	숫자·문서	
02040303	관리·운영	숫자·문서	
02040305	관리·운영	숫자·문서	
02040306	관리·운영	숫자·문서	
02040307	관리·운영	숫자·문서	
03010101	관리·운영	숫자·문서	
03010102	판매·설득	사람	고객·손님
03010103	판매·설득	사람	고객·손님
03010104	판매·설득	사람	고객·손님
03010105	판매·설득	사람	고객·손님
03010201	분석·연구	숫자·문서	
03010202	분석·연구	숫자·문서	
03010203	분석·연구	숫자·문서	
03010204	분석·연구	숫자·문서	
03010301	분석·연구	숫자·문서	
03010302	분석·연구	숫자·문서	
03010303	분석·연구	숫자·문서	
03010401	관리·운영	숫자·문서	
03010402	관리·운영	숫자·문서	
03010403	관리·운영	숫자·문서	
03010404	분석·연구	숫자·문서	
03010405	관리·운영	숫자·문서	
03010501	관리·운영	컴퓨터·데이터	
03010502	판매·설득	사람	고객·손님
03010503	분석·연구	컴퓨터·데이터	
03010601	운전·조작	컴퓨터·데이터	
03010602	분석·연구	숫자·문서	
03010603	분석·연구	숫자·문서	
03010604	관리·운영	숫자·문서	
03010605	판매·설득	숫자·문서	
03010606	관리·운영	숫자·문서	
03020101	분석·연구	컴퓨터·데이터	
03020102	분석·연구	숫자·문서	
03020103	분석·연구	숫자·문서	
03020201	판매·설득	사람	고객·손님
03020202	분석·연구	숫자·문서	
03020203	관리·운영	숫자·문서	
03020204	분석·연구	숫자·문서	
03020301	분석·연구	숫자·문서	
03020302	분석·연구	기계·설비	
03020303	분석·연구	숫자·문서	
04020201	관리·운영	숫자·문서	
04020202	가르치기	사람	학습자
04030101	가르치기	사람	학습자
04030102	가르치기	사람	직원·동료
04030103	분석·연구	숫자·문서	
04030201	만들기	컴퓨터·데이터	
04030202	표현·창작	창작물	
04030203	관리·운영	컴퓨터·데이터	
05010201	관리·운영	숫자·문서	
05010202	분석·연구	숫자·문서	
05010203	분석·연구	컴퓨터·데이터	
05010204	만들기	숫자·문서	
05020101	관리·운영	기계·설비	
05020102	만들기	기계·설비	
05020103	돕기·돌봄	사람	환자·장애인
05020104	관리·운영	기계·설비	
05020105	운전·조작	기계·설비	
05020106	관리·운영	기계·설비	
05020107	분석·연구	기계·설비	
05020201	고치기·정비	기계·설비	
05020202	관리·운영	숫자·문서	
05020203	관리·운영	숫자·문서	
05020301	분석·연구	컴퓨터·데이터	
05020302	만들기	컴퓨터·데이터	
06010101	고치기·정비	기계·설비	
06010108	돕기·돌봄	사람	어르신
06010109	만들기	창작물	
06010110	돕기·돌봄	사람	환자·장애인
06010113	분석·연구	사람	환자·장애인
06010114	분석·연구	컴퓨터·데이터	
06010201	관리·운영	숫자·문서	
06010202	돕기·돌봄	사람	고객·손님
06010203	가르치기	사람	학습자
06010204	고치기·정비	기계·설비	
06010205	관리·운영	자연·생물	
07010101	분석·연구	사람	환자·장애인
07010102	관리·운영	사람	직원·동료
07010103	돕기·돌봄	사람	환자·장애인
07010201	관리·운영	사람	환자·장애인
07010202	돕기·돌봄	사람	환자·장애인
07010203	돕기·돌봄	사람	환자·장애인
07010204	관리·운영	사람	환자·장애인
07010205	관리·운영	사람	직원·동료
07020101	판매·설득	사람	고객·손님
07020102	판매·설득	사람	고객·손님
07020103	판매·설득	사람	고객·손님
07020201	가르치기	사람	아동·청소년
07020202	돕기·돌봄	사람	아동·청소년
07020203	가르치기	사람	아동·청소년
07020301	돕기·돌봄	사람	고객·손님
07030101	돕기·돌봄	사람	아동·청소년
07030102	돕기·돌봄	사람	아동·청소년
07030103	돕기·돌봄	사람	아동·청소년
08010101	관리·운영	창작물	
08010102	관리·운영	숫자·문서	
08010103	관리·운영	숫자·문서	
08010104	관리·운영	컴퓨터·데이터	
08010201	표현·창작	창작물	
08010202	표현·창작	창작물	
08010301	표현·창작	창작물	
08010302	운전·조작	기계·설비	
08010303	운전·조작	기계·설비	
08010304	운전·조작	기계·설비	
08010305	표현·창작	창작물	
08010306	관리·운영	사람	직원·동료
08010307	관리·운영	기계·설비	
08010308	만들기	창작물	
08010309	만들기	창작물	
08010310	표현·창작	창작물	
08010311	관리·운영	사람	고객·손님
08010401	관리·운영	창작물	
08010402	고치기·정비	창작물	
08010403	분석·연구	창작물	
08020101	표현·창작	창작물	
08020102	표현·창작	창작물	
08020103	표현·창작	창작물	
08020104	표현·창작	컴퓨터·데이터	
08020105	표현·창작	창작물	
08020106	분석·연구	사람	고객·손님
08020107	표현·창작	창작물	
08020108	표현·창작	창작물	
08020109	표현·창작	창작물	
08020110	표현·창작	창작물	
08020111	표현·창작	창작물	
08020112	표현·창작	창작물	
08030101	관리·운영	창작물	
08030201	표현·창작	창작물	
08030202	표현·창작	창작물	
08030203	표현·창작	창작물	
08030204	표현·창작	창작물	
08030205	표현·창작	창작물	
08030206	표현·창작	창작물	
08030207	표현·창작	창작물	
08030208	표현·창작	창작물	
08030209	표현·창작	창작물	
08030210	운전·조작	기계·설비	
08030211	만들기	창작물	
08030212	표현·창작	창작물	
08030301	판매·설득	창작물	
08030302	관리·운영	창작물	
08030303	관리·운영	창작물	
08030304	관리·운영	창작물	
08030305	관리·운영	창작물	
08030306	관리·운영	창작물	
08030307	관리·운영	창작물	
08030308	관리·운영	창작물	
08030309	관리·운영	창작물	
08030401	표현·창작	창작물	
08030402	표현·창작	창작물	
08030403	만들기	창작물	
08030404	만들기	창작물	
08030405	표현·창작	창작물	
08030406	표현·창작	창작물	
08030407	표현·창작	창작물	
09010101	운전·조작	기계·설비	
09010102	운전·조작	기계·설비	
09010103	만들기	창작물	
09020101	관리·운영	기계·설비	
09020102	관리·운영	컴퓨터·데이터	
09020103	운전·조작	기계·설비	
09020104	운전·조작	기계·설비	
09020201	고치기·정비	기계·설비	
09020202	고치기·정비	기계·설비	
09020203	고치기·정비	기계·설비	
09020204	고치기·정비	기계·설비	
09030101	운전·조작	기계·설비	
09030102	운전·조작	기계·설비	
09030103	운전·조작	컴퓨터·데이터	
09030104	운전·조작	기계·설비	
09030105	운전·조작	기계·설비	
09030106	관리·운영	기계·설비	
09030107	고치기·정비	기계·설비	
09030201	분석·연구	숫자·문서	
09040101	운전·조작	기계·설비	
09040102	운전·조작	기계·설비	
09040103	운전·조작	기계·설비	
09040104	운전·조작	기계·설비	
09040105	운전·조작	기계·설비	
09040201	관리·운영	기계·설비	
09040202	관리·운영	컴퓨터·데이터	
09040203	관리·운영	기계·설비	
09040204	돕기·돌봄	사람	고객·손님
09040205	돕기·돌봄	사람	고객·손님
09040206	관리·운영	숫자·문서	
09040301	고치기·정비	기계·설비	
10010101	판매·설득	사람	고객·손님
10010102	판매·설득	사람	고객·손님
10020101	관리·운영	숫자·문서	
10020102	판매·설득	사람	고객·손님
10020103	판매·설득	숫자·문서	
10020201	관리·운영	기계·설비	
10020202	관리·운영	기계·설비	
10020203	관리·운영	숫자·문서	
10020301	판매·설득	사람	고객·손님
10020302	분석·연구	컴퓨터·데이터	
10020401	분석·연구	숫자·문서	
10020402	분석·연구	숫자·문서	
10020403	분석·연구	컴퓨터·데이터	
10030101	판매·설득	창작물	
10030102	판매·설득	컴퓨터·데이터	
10030201	판매·설득	사람	고객·손님
10030202	판매·설득	사람	고객·손님
10030301	판매·설득	자연·생물	
11010101	돕기·돌봄	사람	고객·손님
11010102	돕기·돌봄	사람	고객·손님
11020101	고치기·정비	기계·설비	
11020102	돕기·돌봄	사람	고객·손님
12010101	만들기	사람	고객·손님
12010102	돕기·돌봄	사람	고객·손님
12010103	돕기·돌봄	사람	고객·손님
12010104	돕기·돌봄	사람	고객·손님
12010105	돕기·돌봄	사람	고객·손님
12020101	판매·설득	사람	고객·손님
12020102	관리·운영	사람	고객·손님
12020103	관리·운영	기계·설비	
12020104	표현·창작	창작물	
12020201	돕기·돌봄	사람	고객·손님
12020202	돕기·돌봄	사람	고객·손님
12030101	분석·연구	숫자·문서	
12030102	판매·설득	사람	고객·손님
12030103	가르치기	사람	고객·손님
12030104	가르치기	사람	고객·손님
12030105	돕기·돌봄	사람	고객·손님
12030201	관리·운영	숫자·문서	
12030202	관리·운영	기계·설비	
12030203	관리·운영	기계·설비	
12030204	관리·운영	사람	고객·손님
12030205	돕기·돌봄	사람	고객·손님
12030301	관리·운영	숫자·문서	
12030302	관리·운영	숫자·문서	
12030303	관리·운영	숫자·문서	
12030401	관리·운영	숫자·문서	
12030402	관리·운영	사람	고객·손님
12030403	관리·운영	사람	고객·손님
12030404	관리·운영	사람	고객·손님
12030405	관리·운영	사람	고객·손님
12040101	만들기	창작물	
12040201	관리·운영	기계·설비	
12040202	관리·운영	사람	고객·손님
12040301	가르치기	사람	학습자
12040302	가르치기	사람	학습자
12040303	돕기·돌봄	사람	환자·장애인
12040304	분석·연구	컴퓨터·데이터	
12040305	관리·운영	사람	고객·손님
12040306	돕기·돌봄	사람	고객·손님
12040307	만들기	컴퓨터·데이터	
12040308	만들기	컴퓨터·데이터	
12040309	돕기·돌봄	사람	고객·손님
12040401	관리·운영	사람	고객·손님
12040402	관리·운영	숫자·문서	
12040403	판매·설득	사람	고객·손님
12040404	관리·운영	컴퓨터·데이터	
12040501	가르치기	사람	학습자
13010100	만들기	창작물	
13010101	만들기	창작물	
13010102	만들기	창작물	
13010103	만들기	창작물	
13010104	만들기	창작물	
13010105	만들기	창작물	
13010201	판매·설득	사람	고객·손님
13010202	판매·설득	사람	고객·손님
13010203	관리·운영	창작물	
13010204	만들기	창작물	
13010205	표현·창작	창작물	
13010301	관리·운영	숫자·문서	
14010101	관리·운영	숫자·문서	
14010201	관리·운영	숫자·문서	
14010202	분석·연구	숫자·문서	
14010203	관리·운영	자연·생물	
14010204	관리·운영	숫자·문서	
14010301	고치기·정비	기계·설비	
14010401	표현·창작	컴퓨터·데이터	
14010402	관리·운영	컴퓨터·데이터	
14010403	관리·운영	기계·설비	
14020101	표현·창작	숫자·문서	
14020102	표현·창작	숫자·문서	
14020103	표현·창작	숫자·문서	
14020104	표현·창작	숫자·문서	
14020105	표현·창작	숫자·문서	
14020106	분석·연구	숫자·문서	
14020107	분석·연구	숫자·문서	
14020108	분석·연구	숫자·문서	
14020109	분석·연구	숫자·문서	
14020110	분석·연구	숫자·문서	
14020111	관리·운영	숫자·문서	
14020112	표현·창작	창작물	
14020201	만들기	기계·설비	
14020202	고치기·정비	기계·설비	
14020203	만들기	기계·설비	
14020204	만들기	창작물	
14020205	만들기	창작물	
14020206	만들기	창작물	
14020207	만들기	창작물	
14020208	만들기	창작물	
14020209	만들기	창작물	
14020210	운전·조작	기계·설비	
14020211	만들기	창작물	
14020301	분석·연구	숫자·문서	
14020302	분석·연구	숫자·문서	
14020303	분석·연구	컴퓨터·데이터	
14020304	분석·연구	컴퓨터·데이터	
14030101	표현·창작	창작물	
14030102	분석·연구	숫자·문서	
14030103	관리·운영	숫자·문서	
14030104	표현·창작	창작물	
14030201	만들기	창작물	
14030202	만들기	창작물	
14030203	고치기·정비	창작물	
14030204	만들기	창작물	
14030205	만들기	창작물	
14030206	만들기	창작물	
14030207	만들기	창작물	
14030208	만들기	창작물	
14030209	만들기	창작물	
14030210	만들기	창작물	
14030211	만들기	창작물	
14030212	만들기	창작물	
14030213	만들기	창작물	
14030214	만들기	창작물	
14030215	만들기	창작물	
14030216	만들기	창작물	
14030217	만들기	창작물	
14030301	분석·연구	숫자·문서	
14030302	만들기	기계·설비	
14030303	관리·운영	숫자·문서	
14030304	고치기·정비	기계·설비	
14030305	만들기	기계·설비	
14040101	분석·연구	숫자·문서	
14040102	분석·연구	숫자·문서	
14040103	분석·연구	기계·설비	
14040104	분석·연구	기계·설비	
14040105	분석·연구	기계·설비	
14040106	관리·운영	기계·설비	
14040107	분석·연구	기계·설비	
14040201	만들기	기계·설비	
14040202	만들기	기계·설비	
14040203	만들기	기계·설비	
14040301	관리·운영	숫자·문서	
14050101	표현·창작	자연·생물	
14050102	만들기	자연·생물	
14050103	고치기·정비	자연·생물	
14050104	관리·운영	숫자·문서	
14060101	분석·연구	숫자·문서	
14060102	분석·연구	숫자·문서	
14060103	표현·창작	창작물	
14060104	관리·운영	사람	고객·손님
14060105	관리·운영	숫자·문서	
14060106	표현·창작	창작물	
14060201	분석·연구	컴퓨터·데이터	
14060202	분석·연구	숫자·문서	
14060203	관리·운영	숫자·문서	
14060301	돕기·돌봄	사람	고객·손님
14060401	분석·연구	컴퓨터·데이터	
14060402	만들기	컴퓨터·데이터	
14060403	관리·운영	기계·설비	
14070101	운전·조작	기계·설비	
14070102	운전·조작	기계·설비	
14070103	운전·조작	기계·설비	
14070104	운전·조작	기계·설비	
14070105	운전·조작	기계·설비	
14070106	운전·조작	기계·설비	
14070107	운전·조작	기계·설비	
14070201	운전·조작	기계·설비	
14070202	운전·조작	기계·설비	
14070301	운전·조작	기계·설비	
14070401	운전·조작	기계·설비	
14070501	운전·조작	기계·설비	
14070502	운전·조작	기계·설비	
14070503	운전·조작	기계·설비	
14070504	운전·조작	기계·설비	
14070505	운전·조작	기계·설비	
14070506	운전·조작	기계·설비	
14070507	고치기·정비	기계·설비	
14070601	고치기·정비	기계·설비	
14070602	고치기·정비	기계·설비	
14070603	고치기·정비	기계·설비	
14070604	고치기·정비	기계·설비	
14070605	분석·연구	기계·설비	
14080101	분석·연구	자연·생물	
14080102	분석·연구	자연·생물	
14080103	분석·연구	자연·생물	
14080201	고치기·정비	자연·생물	
14080202	분석·연구	숫자·문서	
14080203	관리·운영	자연·생물	
14080301	운전·조작	기계·설비	
14080302	운전·조작	기계·설비	
14080303	만들기	기계·설비	
14080304	분석·연구	기계·설비	
14080305	분석·연구	기계·설비	
14080306	분석·연구	기계·설비	
14080307	분석·연구	기계·설비	
14080308	분석·연구	기계·설비	
14080309	분석·연구	기계·설비	
14080310	분석·연구	기계·설비	
14080311	분석·연구	기계·설비	
14080312	분석·연구	기계·설비	
14080401	분석·연구	자연·생물	
14080402	관리·운영	자연·생물	
14080403	관리·운영	자연·생물	
14080501	고치기·정비	기계·설비	
14080502	고치기·정비	기계·설비	
15010101	관리·운영	숫자·문서	
15010102	관리·운영	숫자·문서	
15010103	관리·운영	숫자·문서	
15010104	판매·설득	숫자·문서	
15010201	만들기	기계·설비	
15010202	만들기	기계·설비	
15010203	분석·연구	컴퓨터·데이터	
15010204	만들기	컴퓨터·데이터	
15020101	만들기	기계·설비	
15020102	만들기	기계·설비	
15020103	만들기	기계·설비	
15020104	운전·조작	컴퓨터·데이터	
15020105	분석·연구	기계·설비	
15020106	만들기	기계·설비	
15020201	만들기	기계·설비	
15020202	만들기	기계·설비	
15020203	만들기	기계·설비	
15020204	만들기	기계·설비	
15030101	만들기	기계·설비	
15030102	만들기	컴퓨터·데이터	
15030103	만들기	기계·설비	
15030104	만들기	컴퓨터·데이터	
15030201	관리·운영	숫자·문서	
15030202	관리·운영	기계·설비	
15030203	관리·운영	기계·설비	
15030204	분석·연구	숫자·문서	
15030205	관리·운영	사람	직원·동료
15040101	분석·연구	숫자·문서	
15040102	분석·연구	기계·설비	
15040103	분석·연구	기계·설비	
15050101	고치기·정비	기계·설비	
15050102	고치기·정비	기계·설비	
15050103	고치기·정비	기계·설비	
15050104	고치기·정비	기계·설비	
15050105	고치기·정비	기계·설비	
15050106	고치기·정비	기계·설비	
15050107	고치기·정비	기계·설비	
15050108	만들기	기계·설비	
15050201	만들기	기계·설비	
15050202	만들기	기계·설비	
15050203	고치기·정비	기계·설비	
15050204	고치기·정비	기계·설비	
15050205	관리·운영	기계·설비	
15050301	고치기·정비	기계·설비	
15050302	고치기·정비	기계·설비	
15060101	만들기	기계·설비	
15060102	분석·연구	기계·설비	
15060103	관리·운영	기계·설비	
15060104	분석·연구	컴퓨터·데이터	
15060201	만들기	창작물	
15060202	분석·연구	기계·설비	
15060301	고치기·정비	기계·설비	
15060302	고치기·정비	기계·설비	
15060303	고치기·정비	기계·설비	
15060304	고치기·정비	기계·설비	
15060305	만들기	창작물	
15060306	분석·연구	기계·설비	
15060307	고치기·정비	기계·설비	
15060308	분석·연구	기계·설비	
15060401	관리·운영	기계·설비	
15060402	관리·운영	기계·설비	
15060501	판매·설득	기계·설비	
15060502	만들기	기계·설비	
15070101	분석·연구	기계·설비	
15070102	만들기	기계·설비	
15070103	운전·조작	기계·설비	
15070201	고치기·정비	기계·설비	
15070202	고치기·정비	기계·설비	
15070203	고치기·정비	기계·설비	
15070204	고치기·정비	기계·설비	
15070205	고치기·정비	기계·설비	
15080101	만들기	기계·설비	
15080102	만들기	기계·설비	
15080103	만들기	기계·설비	
15080104	만들기	기계·설비	
15080105	만들기	기계·설비	
15080106	만들기	기계·설비	
15080107	만들기	기계·설비	
15080201	만들기	기계·설비	
15080202	만들기	기계·설비	
15080203	만들기	기계·설비	
15080204	만들기	기계·설비	
15080205	만들기	기계·설비	
15080301	만들기	기계·설비	
15080302	만들기	기계·설비	
15080303	만들기	기계·설비	
15080304	만들기	기계·설비	
15080401	분석·연구	기계·설비	
15080402	분석·연구	기계·설비	
15080403	분석·연구	기계·설비	
15080501	관리·운영	숫자·문서	
15080502	관리·운영	기계·설비	
15080503	관리·운영	기계·설비	
15080601	운전·조작	기계·설비	
15080602	운전·조작	기계·설비	
15080603	운전·조작	기계·설비	
15080701	고치기·정비	기계·설비	
15080702	고치기·정비	기계·설비	
15080703	고치기·정비	기계·설비	
15080704	고치기·정비	기계·설비	
15080705	고치기·정비	기계·설비	
15080801	만들기	창작물	
15080802	만들기	창작물	
15080803	만들기	창작물	
15080804	만들기	창작물	
15080805	고치기·정비	기계·설비	
15090101	분석·연구	기계·설비	
15090102	분석·연구	기계·설비	
15090103	만들기	기계·설비	
15090104	만들기	기계·설비	
15090105	만들기	기계·설비	
15090201	만들기	기계·설비	
15090202	만들기	기계·설비	
15090203	만들기	기계·설비	
15090301	고치기·정비	기계·설비	
15090302	고치기·정비	기계·설비	
15090303	고치기·정비	기계·설비	
15090304	고치기·정비	기계·설비	
15090305	고치기·정비	기계·설비	
15090306	고치기·정비	기계·설비	
15090307	고치기·정비	기계·설비	
15090308	고치기·정비	기계·설비	
15090401	관리·운영	기계·설비	
15090402	관리·운영	숫자·문서	
15090403	관리·운영	기계·설비	
15100001	관리·운영	기계·설비	
15100101	만들기	창작물	
15100102	만들기	창작물	
15100103	분석·연구	기계·설비	
15100104	만들기	기계·설비	
15100201	표현·창작	기계·설비	
15100202	만들기	기계·설비	
15100203	분석·연구	기계·설비	
15100204	만들기	기계·설비	
15100301	표현·창작	기계·설비	
15100302	만들기	기계·설비	
15100303	만들기	기계·설비	
15100304	분석·연구	기계·설비	
15110101	만들기	기계·설비	
15110201	만들기	기계·설비	
15110301	관리·운영	기계·설비	
15110302	고치기·정비	기계·설비	
16010101	분석·연구	기계·설비	
16010102	분석·연구	기계·설비	
16010103	분석·연구	기계·설비	
16010200	만들기	기계·설비	
16010201	만들기	기계·설비	
16010203	만들기	기계·설비	
16010204	만들기	창작물	
16010207	고치기·정비	기계·설비	
16010208	만들기	창작물	
16010209	만들기	창작물	
16010210	만들기	창작물	
16010211	만들기	창작물	
16010301	만들기	창작물	
16010302	만들기	창작물	
16010303	만들기	창작물	
16010304	만들기	창작물	
16010305	만들기	창작물	
16010306	만들기	창작물	
16010307	만들기	창작물	
16010308	만들기	창작물	
16010401	만들기	창작물	
16010402	만들기	창작물	
16010500	만들기	창작물	
16010501	만들기	창작물	
16010502	만들기	창작물	
16010503	만들기	창작물	
16010504	만들기	창작물	
16010505	만들기	창작물	
16010506	운전·조작	기계·설비	
16010507	만들기	창작물	
16010601	만들기	창작물	
16010602	만들기	창작물	
16010603	만들기	창작물	
16010604	만들기	창작물	
16010605	만들기	창작물	
16020001	분석·연구	숫자·문서	
16020002	관리·운영	기계·설비	
16020301	만들기	창작물	
16020302	만들기	창작물	
16020303	만들기	창작물	
16020304	만들기	창작물	
16020305	만들기	창작물	
16020401	만들기	창작물	
16020402	만들기	창작물	
16020403	만들기	창작물	
16020404	만들기	창작물	
16020501	만들기	창작물	
16020502	분석·연구	숫자·문서	
17010101	분석·연구	컴퓨터·데이터	
17010102	분석·연구	숫자·문서	
17010103	관리·운영	기계·설비	
17010104	분석·연구	숫자·문서	
17010201	분석·연구	컴퓨터·데이터	
17010202	운전·조작	기계·설비	
17010203	고치기·정비	기계·설비	
17010301	분석·연구	컴퓨터·데이터	
17010302	분석·연구	컴퓨터·데이터	
17010303	관리·운영	숫자·문서	
17020101	만들기	창작물	
17020201	만들기	창작물	
17020202	만들기	창작물	
17020203	만들기	창작물	
17020204	만들기	창작물	
17020205	만들기	창작물	
17020206	만들기	창작물	
17020302	만들기	창작물	
17030001	만들기	창작물	
17030102	만들기	창작물	
17030104	만들기	창작물	
17030201	만들기	창작물	
17030202	만들기	창작물	
17030203	만들기	창작물	
17030204	만들기	창작물	
17030205	만들기	창작물	
17030206	만들기	창작물	
17030601	만들기	창작물	
17030602	분석·연구	숫자·문서	
17030603	분석·연구	자연·생물	
17030604	분석·연구	자연·생물	
17030605	분석·연구	사람	환자·장애인
17030701	만들기	창작물	
17030702	분석·연구	숫자·문서	
17030703	분석·연구	자연·생물	
17040101	만들기	창작물	
17040102	만들기	창작물	
17040103	만들기	창작물	
17040104	만들기	창작물	
17040105	만들기	창작물	
17040106	고치기·정비	창작물	
17040201	만들기	창작물	
17040202	만들기	창작물	
17050101	만들기	창작물	
17050102	분석·연구	자연·생물	
17050103	분석·연구	자연·생물	
17050105	분석·연구	자연·생물	
17050106	분석·연구	자연·생물	
17050107	분석·연구	자연·생물	
17050201	만들기	창작물	
17050202	만들기	창작물	
17050203	만들기	창작물	
17050301	분석·연구	컴퓨터·데이터	
17050302	분석·연구	자연·생물	
18010101	만들기	창작물	
18010102	만들기	창작물	
18010103	만들기	창작물	
18010104	만들기	창작물	
18010105	만들기	창작물	
18010106	만들기	창작물	
18010202	만들기	창작물	
18010301	관리·운영	숫자·문서	
18010302	관리·운영	기계·설비	
18020101	분석·연구	숫자·문서	
18020102	표현·창작	창작물	
18020103	만들기	창작물	
18020104	표현·창작	창작물	
18020201	만들기	창작물	
18020202	만들기	창작물	
18020203	만들기	창작물	
18020204	만들기	창작물	
18020205	만들기	창작물	
18020301	관리·운영	숫자·문서	
18020302	관리·운영	숫자·문서	
18020303	관리·운영	숫자·문서	
18020304	관리·운영	숫자·문서	
18020401	만들기	창작물	
18020402	분석·연구	창작물	
18030101	고치기·정비	창작물	
18030102	고치기·정비	창작물	
19010101	분석·연구	기계·설비	
19010102	분석·연구	기계·설비	
19010103	분석·연구	기계·설비	
19010201	관리·운영	기계·설비	
19010202	관리·운영	기계·설비	
19010203	관리·운영	기계·설비	
19010204	고치기·정비	기계·설비	
19010205	고치기·정비	기계·설비	
19010206	고치기·정비	기계·설비	
19010301	분석·연구	기계·설비	
19010302	관리·운영	기계·설비	
19010303	관리·운영	숫자·문서	
19010304	만들기	기계·설비	
19010305	만들기	기계·설비	
19010306	분석·연구	기계·설비	
19010307	분석·연구	기계·설비	
19010308	분석·연구	기계·설비	
19010401	운전·조작	기계·설비	
19010402	분석·연구	컴퓨터·데이터	
19010501	표현·창작	기계·설비	
19010502	만들기	창작물	
19010503	고치기·정비	기계·설비	
19010504	만들기	창작물	
19010601	표현·창작	기계·설비	
19010602	관리·운영	숫자·문서	
19010603	관리·운영	기계·설비	
19010701	만들기	기계·설비	
19010702	만들기	기계·설비	
19010703	만들기	기계·설비	
19010704	관리·운영	기계·설비	
19010801	분석·연구	컴퓨터·데이터	
19010802	만들기	기계·설비	
19010803	고치기·정비	기계·설비	
19010804	운전·조작	기계·설비	
19010901	분석·연구	숫자·문서	
19010902	만들기	기계·설비	
19010903	고치기·정비	기계·설비	
19011001	분석·연구	컴퓨터·데이터	
19011002	만들기	기계·설비	
19011003	고치기·정비	기계·설비	
19011101	만들기	기계·설비	
19011102	만들기	기계·설비	
19011103	만들기	기계·설비	
19011201	분석·연구	기계·설비	
19011202	만들기	기계·설비	
19011301	관리·운영	기계·설비	
19011402	분석·연구	기계·설비	
19020101	관리·운영	숫자·문서	
19020102	만들기	창작물	
19020201	관리·운영	숫자·문서	
19020202	만들기	창작물	
19020203	만들기	창작물	
19020301	고치기·정비	기계·설비	
19020302	판매·설득	사람	고객·손님
19030501	분석·연구	기계·설비	
19030502	분석·연구	기계·설비	
19030503	분석·연구	컴퓨터·데이터	
19030601	분석·연구	기계·설비	
19030602	만들기	창작물	
19030603	고치기·정비	기계·설비	
19030604	분석·연구	컴퓨터·데이터	
19030701	분석·연구	컴퓨터·데이터	
19030702	만들기	창작물	
19030703	만들기	기계·설비	
19030801	만들기	기계·설비	
19030802	만들기	기계·설비	
19030803	분석·연구	컴퓨터·데이터	
19030804	분석·연구	컴퓨터·데이터	
19030805	고치기·정비	기계·설비	
19030806	분석·연구	숫자·문서	
19030901	분석·연구	기계·설비	
19030902	관리·운영	숫자·문서	
19030903	만들기	창작물	
19030904	분석·연구	기계·설비	
19031001	분석·연구	기계·설비	
19031002	분석·연구	기계·설비	
19031003	분석·연구	기계·설비	
19031004	만들기	창작물	
19031005	분석·연구	컴퓨터·데이터	
19031006	만들기	기계·설비	
19031007	만들기	기계·설비	
19031008	만들기	기계·설비	
19031101	만들기	기계·설비	
19031102	만들기	창작물	
19031103	분석·연구	자연·생물	
19031201	분석·연구	컴퓨터·데이터	
19031202	운전·조작	컴퓨터·데이터	
19031203	표현·창작	창작물	
19031204	만들기	기계·설비	
19031301	만들기	기계·설비	
19031302	관리·운영	컴퓨터·데이터	
19031303	만들기	기계·설비	
19031401	만들기	기계·설비	
19031402	분석·연구	기계·설비	
19031403	분석·연구	기계·설비	
19031501	분석·연구	자연·생물	
19031502	분석·연구	자연·생물	
19031601	만들기	기계·설비	
19031701	분석·연구	컴퓨터·데이터	
19031702	관리·운영	컴퓨터·데이터	
19031801	만들기	기계·설비	
19031802	분석·연구	컴퓨터·데이터	
19031901	만들기	컴퓨터·데이터	
19032001	만들기	기계·설비	
19032002	분석·연구	컴퓨터·데이터	
19032003	만들기	기계·설비	
20010101	관리·운영	숫자·문서	
20010102	판매·설득	사람	고객·손님
20010103	관리·운영	컴퓨터·데이터	
20010104	관리·운영	컴퓨터·데이터	
20010105	분석·연구	컴퓨터·데이터	
20010106	관리·운영	컴퓨터·데이터	
20010107	관리·운영	컴퓨터·데이터	
20010108	관리·운영	컴퓨터·데이터	
20010201	만들기	컴퓨터·데이터	
20010202	만들기	컴퓨터·데이터	
20010203	만들기	컴퓨터·데이터	
20010204	만들기	컴퓨터·데이터	
20010205	관리·운영	컴퓨터·데이터	
20010206	고치기·정비	컴퓨터·데이터	
20010207	만들기	컴퓨터·데이터	
20010208	만들기	컴퓨터·데이터	
20010209	만들기	컴퓨터·데이터	
20010210	만들기	컴퓨터·데이터	
20010211	분석·연구	컴퓨터·데이터	
20010212	운전·조작	컴퓨터·데이터	
20010213	관리·운영	컴퓨터·데이터	
20010214	관리·운영	컴퓨터·데이터	
20010215	만들기	컴퓨터·데이터	
20010216	만들기	컴퓨터·데이터	
20010217	만들기	컴퓨터·데이터	
20010301	관리·운영	컴퓨터·데이터	
20010302	가르치기	사람	학습자
20010303	돕기·돌봄	사람	고객·손님
20010304	관리·운영	컴퓨터·데이터	
20010305	관리·운영	컴퓨터·데이터	
20010306	관리·운영	숫자·문서	
20010401	관리·운영	숫자·문서	
20010402	분석·연구	컴퓨터·데이터	
20010403	분석·연구	컴퓨터·데이터	
20010404	분석·연구	컴퓨터·데이터	
20010501	판매·설득	컴퓨터·데이터	
20010502	판매·설득	컴퓨터·데이터	
20010601	관리·운영	컴퓨터·데이터	
20010602	분석·연구	컴퓨터·데이터	
20010603	분석·연구	컴퓨터·데이터	
20010604	분석·연구	컴퓨터·데이터	
20010605	운전·조작	컴퓨터·데이터	
20010606	분석·연구	컴퓨터·데이터	
20010608	분석·연구	컴퓨터·데이터	
20010609	관리·운영	컴퓨터·데이터	
20010611	관리·운영	기계·설비	
20010612	관리·운영	컴퓨터·데이터	
20010614	분석·연구	컴퓨터·데이터	
20010615	관리·운영	컴퓨터·데이터	
20010616	관리·운영	기계·설비	
20010701	만들기	컴퓨터·데이터	
20010702	관리·운영	컴퓨터·데이터	
20010703	분석·연구	컴퓨터·데이터	
20010704	관리·운영	컴퓨터·데이터	
20010705	만들기	컴퓨터·데이터	
20010706	만들기	컴퓨터·데이터	
20010707	만들기	컴퓨터·데이터	
20010801	분석·연구	컴퓨터·데이터	
20010802	관리·운영	컴퓨터·데이터	
20010803	관리·운영	숫자·문서	
20010901	관리·운영	숫자·문서	
20010902	만들기	컴퓨터·데이터	
20010903	관리·운영	컴퓨터·데이터	
20011001	분석·연구	컴퓨터·데이터	
20011002	표현·창작	컴퓨터·데이터	
20011003	만들기	컴퓨터·데이터	
20011101	관리·운영	숫자·문서	
20011102	분석·연구	컴퓨터·데이터	
20011103	분석·연구	숫자·문서	
20020101	만들기	기계·설비	
20020102	만들기	기계·설비	
20020103	만들기	기계·설비	
20020104	고치기·정비	기계·설비	
20020105	만들기	컴퓨터·데이터	
20020106	고치기·정비	기계·설비	
20020107	고치기·정비	기계·설비	
20020108	고치기·정비	기계·설비	
20020109	고치기·정비	기계·설비	
20020110	만들기	컴퓨터·데이터	
20020201	만들기	기계·설비	
20020202	만들기	기계·설비	
20020203	만들기	기계·설비	
20020204	고치기·정비	기계·설비	
20020205	고치기·정비	기계·설비	
20020206	고치기·정비	기계·설비	
20020301	관리·운영	기계·설비	
20020302	관리·운영	기계·설비	
20020303	관리·운영	기계·설비	
20020304	관리·운영	컴퓨터·데이터	
20020305	관리·운영	숫자·문서	
20020306	관리·운영	기계·설비	
20020307	돕기·돌봄	사람	고객·손님
20020308	관리·운영	컴퓨터·데이터	
20020309	관리·운영	컴퓨터·데이터	
20020310	관리·운영	컴퓨터·데이터	
20020311	관리·운영	컴퓨터·데이터	
20020312	관리·운영	컴퓨터·데이터	
20020313	관리·운영	컴퓨터·데이터	
20020314	관리·운영	컴퓨터·데이터	
20020315	관리·운영	컴퓨터·데이터	
20020316	관리·운영	컴퓨터·데이터	
20020317	관리·운영	컴퓨터·데이터	
20020318	관리·운영	컴퓨터·데이터	
20020319	운전·조작	컴퓨터·데이터	
20020401	만들기	창작물	
20020402	표현·창작	창작물	
20020403	만들기	창작물	
20030101	운전·조작	기계·설비	
20030102	분석·연구	컴퓨터·데이터	
20030201	표현·창작	창작물	
20030202	표현·창작	창작물	
20030203	운전·조작	기계·설비	
20030204	관리·운영	컴퓨터·데이터	
20030205	관리·운영	컴퓨터·데이터	
20030301	관리·운영	컴퓨터·데이터	
20030302	관리·운영	기계·설비	
20030303	관리·운영	컴퓨터·데이터	
20030304	돕기·돌봄	기계·설비	
20030305	고치기·정비	기계·설비	
20030306	관리·운영	컴퓨터·데이터	
21010101	만들기	창작물	
21010102	만들기	창작물	
21010103	만들기	창작물	
21010104	만들기	창작물	
21010105	만들기	창작물	
21010106	만들기	창작물	
21010107	만들기	창작물	
21010108	만들기	창작물	
21010109	만들기	창작물	
21010110	분석·연구	창작물	
21010111	분석·연구	창작물	
21010201	만들기	창작물	
21010202	만들기	창작물	
21010203	만들기	창작물	
21010301	판매·설득	창작물	
21010302	판매·설득	창작물	
21010303	판매·설득	창작물	
21020101	만들기	창작물	
21020102	만들기	창작물	
21020103	만들기	창작물	
21020104	만들기	창작물	
22010101	관리·운영	숫자·문서	
22010102	표현·창작	창작물	
22010103	관리·운영	숫자·문서	
22010104	관리·운영	숫자·문서	
22010201	운전·조작	컴퓨터·데이터	
22010202	만들기	창작물	
22010203	만들기	창작물	
22010204	만들기	창작물	
22010205	만들기	창작물	
22020101	만들기	창작물	
22020102	만들기	창작물	
22020103	만들기	창작물	
22020104	만들기	창작물	
22020105	만들기	창작물	
22020106	만들기	창작물	
22020107	만들기	창작물	
22020108	만들기	창작물	
22020201	만들기	창작물	
22020202	분석·연구	창작물	
22020203	만들기	창작물	
22020204	분석·연구	창작물	
22020205	표현·창작	창작물	
22020206	판매·설득	숫자·문서	
23010101	분석·연구	자연·생물	
23010102	관리·운영	기계·설비	
23010103	관리·운영	자연·생물	
23010104	관리·운영	기계·설비	
23010105	관리·운영	기계·설비	
23010106	관리·운영	기계·설비	
23010107	관리·운영	기계·설비	
23010201	관리·운영	자연·생물	
23010202	분석·연구	컴퓨터·데이터	
23010203	관리·운영	기계·설비	
23010204	분석·연구	자연·생물	
23010301	만들기	기계·설비	
23010302	관리·운영	자연·생물	
23010401	고치기·정비	기계·설비	
23010402	분석·연구	컴퓨터·데이터	
23010501	관리·운영	자연·생물	
23010502	관리·운영	자연·생물	
23020101	돕기·돌봄	사람	고객·손님
23020102	분석·연구	자연·생물	
23020103	분석·연구	자연·생물	
23030101	만들기	자연·생물	
23030102	관리·운영	자연·생물	
23040101	판매·설득	숫자·문서	
23040102	관리·운영	기계·설비	
23040103	관리·운영	자연·생물	
23040201	분석·연구	숫자·문서	
23040202	분석·연구	자연·생물	
23050101	분석·연구	자연·생물	
23050102	분석·연구	자연·생물	
23050103	운전·조작	기계·설비	
23050104	운전·조작	기계·설비	
23050201	관리·운영	자연·생물	
23050202	관리·운영	자연·생물	
23050203	만들기	자연·생물	
23050301	분석·연구	자연·생물	
23050302	고치기·정비	자연·생물	
23050401	관리·운영	사람	직원·동료
23050402	관리·운영	기계·설비	
23050501	만들기	기계·설비	
23050502	만들기	기계·설비	
23050504	만들기	자연·생물	
23050505	만들기	기계·설비	
23050506	만들기	기계·설비	
23050507	만들기	자연·생물	
23050508	만들기	기계·설비	
23050601	분석·연구	숫자·문서	
23050602	관리·운영	컴퓨터·데이터	
23050701	만들기	기계·설비	
23050702	만들기	창작물	
23050703	관리·운영	기계·설비	
23060100	관리·운영	사람	직원·동료
23060101	고치기·정비	기계·설비	
23060102	고치기·정비	기계·설비	
23060103	관리·운영	사람	직원·동료
23060104	관리·운영	기계·설비	
23060105	관리·운영	기계·설비	
23060106	분석·연구	컴퓨터·데이터	
23060107	관리·운영	기계·설비	
23060201	관리·운영	사람	직원·동료
23060202	관리·운영	사람	직원·동료
23060301	분석·연구	기계·설비	
23060302	분석·연구	기계·설비	
23060303	분석·연구	기계·설비	
23060304	분석·연구	기계·설비	
23060305	분석·연구	기계·설비	
23060306	분석·연구	기계·설비	
23060307	분석·연구	기계·설비	
23060308	분석·연구	기계·설비	
24010101	만들기	자연·생물	
24010102	만들기	자연·생물	
24010103	만들기	자연·생물	
24010104	만들기	자연·생물	
24010105	만들기	자연·생물	
24010106	만들기	자연·생물	
24010107	만들기	자연·생물	
24010108	만들기	자연·생물	
24010109	만들기	자연·생물	
24010201	분석·연구	자연·생물	
24010202	분석·연구	자연·생물	
24010203	만들기	자연·생물	
24010204	판매·설득	숫자·문서	
24010301	표현·창작	창작물	
24010302	관리·운영	사람	고객·손님
24010303	고치기·정비	자연·생물	
24010304	분석·연구	자연·생물	
24010401	만들기	창작물	
24010402	만들기	창작물	
24020101	만들기	창작물	
24020102	관리·운영	자연·생물	
24020103	만들기	창작물	
24020104	돕기·돌봄	자연·생물	
24020105	돕기·돌봄	자연·생물	
24020106	만들기	자연·생물	
24020107	운전·조작	자연·생물	
24020108	가르치기	자연·생물	
24020201	관리·운영	자연·생물	
24020202	관리·운영	자연·생물	
24020203	관리·운영	자연·생물	
24020204	돕기·돌봄	자연·생물	
24020205	돕기·돌봄	자연·생물	
24020206	돕기·돌봄	자연·생물	
24030101	만들기	자연·생물	
24030102	만들기	자연·생물	
24030201	관리·운영	자연·생물	
24030202	돕기·돌봄	자연·생물	
24030301	만들기	자연·생물	
24030302	만들기	창작물	
24030303	만들기	창작물	
24040101	운전·조작	자연·생물	
24040102	운전·조작	자연·생물	
24040103	운전·조작	자연·생물	
24040104	운전·조작	자연·생물	
24040201	관리·운영	자연·생물	
24040202	만들기	자연·생물	
24040203	관리·운영	자연·생물	
24040204	운전·조작	자연·생물	
24040301	분석·연구	자연·생물	
24040302	돕기·돌봄	자연·생물	
24040303	만들기	자연·생물	
24040401	표현·창작	창작물	
24040402	관리·운영	사람	고객·손님
24040403	고치기·정비	자연·생물	
